Nombre,Clase,Subclase,Descripción,Ruta
1,,Puestos de Trabajo,,Puestos de Trabajo/1.jpg
sept_prodEspecializados_03,,Puestos de Trabajo,,Puestos de Trabajo/sept_prodEspecializados_03.jpg
summitEscritorioConfama01,,Puestos de Trabajo,,Puestos de Trabajo/summitEscritorioConfama01.jpg
sept_prodEspecializados_02,,Puestos de Trabajo,,Puestos de Trabajo/sept_prodEspecializados_02.jpg
5,,Puestos de Trabajo,,Puestos de Trabajo/5.jpg
IMG-20161008-WA0017,,Puestos de Trabajo,,Puestos de Trabajo/IMG-20161008-WA0017.jpg
6,,Puestos de Trabajo,,Puestos de Trabajo/6.jpg
OficinaColaborativasAktiva_18,,Puestos de Trabajo,,Puestos de Trabajo/OficinaColaborativasAktiva_18.jpg
72655090_417390335819330_1916614079387004059_n,,Puestos de Trabajo,,Puestos de Trabajo/72655090_417390335819330_1916614079387004059_n.jpg
aktivaPedastalDobleConfama01,,Puestos de Trabajo,,Puestos de Trabajo/aktivaPedastalDobleConfama01.jpg
20150821_164853-RETOCADA,,Puestos de Trabajo,,Puestos de Trabajo/20150821_164853-RETOCADA.jpg
IMG-20161008-WA0019,,Puestos de Trabajo,,Puestos de Trabajo/IMG-20161008-WA0019.jpg
sept_aktiva_salaBogota,,Puestos de Trabajo,,Puestos de Trabajo/sept_aktiva_salaBogota.jpg
82576370_216363412819225_1860549275307778035_n,,Puestos de Trabajo,,Puestos de Trabajo/82576370_216363412819225_1860549275307778035_n.jpg
IMG-20161008-WA0020,,Puestos de Trabajo,,Puestos de Trabajo/IMG-20161008-WA0020.jpg
OficinaColaborativasAktiva_08,,Puestos de Trabajo,,Puestos de Trabajo/OficinaColaborativasAktiva_08.jpg
IMG-20161008-WA0021,,Puestos de Trabajo,,Puestos de Trabajo/IMG-20161008-WA0021.jpg
2,,Puestos de Trabajo,,Puestos de Trabajo/2.jpg
69138264_2448071538797829_6070347852815251661_n,,Puestos de Trabajo,,Puestos de Trabajo/69138264_2448071538797829_6070347852815251661_n.jpg
76888741_454330778622607_6629430460124242971_n,,Puestos de Trabajo,,Puestos de Trabajo/76888741_454330778622607_6629430460124242971_n.jpg
IMG-20161008-WA0016,,Puestos de Trabajo,,Puestos de Trabajo/IMG-20161008-WA0016.jpg
3,,Puestos de Trabajo,,Puestos de Trabajo/3.jpg
sept_prodEspecializados_01,,Puestos de Trabajo,,Puestos de Trabajo/sept_prodEspecializados_01.jpg
122813744_1029464607499957_1194205756040764265_n,,Puestos de Trabajo,,Puestos de Trabajo/122813744_1029464607499957_1194205756040764265_n.jpg
OficinaEjecutivaSummit_04,,Puestos de Trabajo,,Puestos de Trabajo/OficinaEjecutivaSummit_04.jpg
104362193_800731803794879_590990202020921650_n(1),,Puestos de Trabajo,,Puestos de Trabajo/104362193_800731803794879_590990202020921650_n(1).jpg
summa_1,,Puestos de Trabajo,,Puestos de Trabajo/summa_1.jpg
OficinaEjecutivaSummit_16,,Puestos de Trabajo,,Puestos de Trabajo/OficinaEjecutivaSummit_16.jpg
SUAM-552,,Puestos de Trabajo,,Puestos de Trabajo/SUAM-552.jpg
WhatsApp Image 2024-03-23 at 12.14.48 PM,,Puestos de Trabajo,,Puestos de Trabajo/WhatsApp Image 2024-03-23 at 12.14.48 PM.jpeg
the_boston_consulting_group_03,,Puestos de Trabajo,,Puestos de Trabajo/the_boston_consulting_group_03.jpg
123014177_346667469970760_3926276630354987700_n,,Puestos de Trabajo,,Puestos de Trabajo/123014177_346667469970760_3926276630354987700_n.jpg
sept_prodEspecializados_04,,Puestos de Trabajo,,Puestos de Trabajo/sept_prodEspecializados_04.jpg
4,,Puestos de Trabajo,,Puestos de Trabajo/4.jpg
OficinaEjecutivaSummit_17,,Puestos de Trabajo,,Puestos de Trabajo/OficinaEjecutivaSummit_17.jpg
104362193_800731803794879_590990202020921650_n,,Puestos de Trabajo,,Puestos de Trabajo/104362193_800731803794879_590990202020921650_n.jpg
WhatsApp Image 2024-03-23 at 12.14.45 PM (2),,Puestos de Trabajo,,Puestos de Trabajo/WhatsApp Image 2024-03-23 at 12.14.45 PM (2).jpeg
aktivaPedastalDobleConfama02,,Puestos de Trabajo,,Puestos de Trabajo/aktivaPedastalDobleConfama02.jpg
OficinaColaborativasAktiva_16,,Puestos de Trabajo,,Puestos de Trabajo/OficinaColaborativasAktiva_16.jpg
84502242_577560826306586_2118561782872713079_n,,Puestos de Trabajo,,Puestos de Trabajo/84502242_577560826306586_2118561782872713079_n.jpg
WhatsApp Image 2024-03-23 at 12.14.50 PM (1),,Puestos de Trabajo,,Puestos de Trabajo/WhatsApp Image 2024-03-23 at 12.14.50 PM (1).jpeg
IMG-20161008-WA0018,,Puestos de Trabajo,,Puestos de Trabajo/IMG-20161008-WA0018.jpg
summa_6,,Puestos de Trabajo,,Puestos de Trabajo/summa_6.jpg
OficinaEjecutivaSummit_08,,Puestos de Trabajo,,Puestos de Trabajo/OficinaEjecutivaSummit_08.jpg
120411938_2804277586474354_8402433131743306075_n,,Puestos de Trabajo,,Puestos de Trabajo/120411938_2804277586474354_8402433131743306075_n.jpg
IMG-20161008-WA0022,,Puestos de Trabajo,,Puestos de Trabajo/IMG-20161008-WA0022.jpg
WhatsApp Image 2024-03-23 at 12.14.45 PM,,Puestos de Trabajo,,Puestos de Trabajo/WhatsApp Image 2024-03-23 at 12.14.45 PM.jpeg
122427147_388432882329545_4729625050917857623_n,,Puestos de Trabajo,,Puestos de Trabajo/122427147_388432882329545_4729625050917857623_n.jpg
OficinaEjecutivaSummit_05,,Puestos de Trabajo,,Puestos de Trabajo/OficinaEjecutivaSummit_05.jpg
aktivaBenchLinealConfama01,,Puestos de Trabajo,,Puestos de Trabajo/aktivaBenchLinealConfama01.jpg
aktivaArchivosConfama01,,Puestos de Trabajo,,Puestos de Trabajo/aktivaArchivosConfama01.jpg
OficinaEjecutivaSummit_03,,Puestos de Trabajo,,Puestos de Trabajo/OficinaEjecutivaSummit_03.jpg
116156339_2613025322295683_3925528316854561050_n,,Puestos de Trabajo,,Puestos de Trabajo/116156339_2613025322295683_3925528316854561050_n.jpg
105000760_2714768315402900_1795947346759472936_n,,Puestos de Trabajo,,Puestos de Trabajo/105000760_2714768315402900_1795947346759472936_n.jpg
OficinaColaborativasAktiva_47,,Recepciones,,Recepciones/OficinaColaborativasAktiva_47.jpg
OficinaColaborativasAktiva_50,,Recepciones,,Recepciones/OficinaColaborativasAktiva_50.jpg
WhatsApp Image 2024-03-23 at 12.14.48 PM (1),,Recepciones,,Recepciones/WhatsApp Image 2024-03-23 at 12.14.48 PM (1).jpeg
WhatsApp Image 2024-03-23 at 12.14.49 PM,,Recepciones,,Recepciones/WhatsApp Image 2024-03-23 at 12.14.49 PM.jpeg
WhatsApp Image 2024-03-23 at 12.14.45 PM (1),,Recepciones,,Recepciones/WhatsApp Image 2024-03-23 at 12.14.45 PM (1).jpeg
122214649_176899127308250_1358519950818958331_n,,Recepciones,,Recepciones/122214649_176899127308250_1358519950818958331_n.jpg
b_compact-reception-desk-arcadia-componibili-gruppo-penta-243776-rel104f232d,,Recepciones,,Recepciones/b_compact-reception-desk-arcadia-componibili-gruppo-penta-243776-rel104f232d.jpg
b_compact-reception-desk-arcadia-componibili-gruppo-penta-243776-rel4203455a,,Recepciones,,Recepciones/b_compact-reception-desk-arcadia-componibili-gruppo-penta-243776-rel4203455a.jpg
OficinaColaborativasAktiva_44,,Recepciones,,Recepciones/OficinaColaborativasAktiva_44.jpg
OficinaColaborativasAktiva_42,,Recepciones,,Recepciones/OficinaColaborativasAktiva_42.jpg
Mekano1,,Bibliotecas,,Bibliotecas/Mekano1.jpg
Mekano_Galeria_2,,Bibliotecas,,Bibliotecas/Mekano_Galeria_2.jpg
Mekano_Galeria_7,,Bibliotecas,,Bibliotecas/Mekano_Galeria_7.jpg
Mekano_Galeria_8,,Bibliotecas,,Bibliotecas/Mekano_Galeria_8.jpg
Mekano2,,Bibliotecas,,Bibliotecas/Mekano2.jpg
Banner-3,,Bibliotecas,,Bibliotecas/Banner-3.jpg
Mekano_Galeria_1,,Bibliotecas,,Bibliotecas/Mekano_Galeria_1.jpg
BRITANIA-MODULAR-4-1,,Bibliotecas,,Bibliotecas/BRITANIA-MODULAR-4-1.jpg
Banner-2,,Bibliotecas,,Bibliotecas/Banner-2.jpg
Mekano3,,Bibliotecas,,Bibliotecas/Mekano3.jpg
BRITANIA-MODULAR-4-1 (1),,Bibliotecas,,Bibliotecas/BRITANIA-MODULAR-4-1 (1).jpg
BRITANIA-MODULAR-8-1,,Bibliotecas,,Bibliotecas/BRITANIA-MODULAR-8-1.jpg
BRITANIA-MODULAR-6-1,,Bibliotecas,,Bibliotecas/BRITANIA-MODULAR-6-1.jpg
Banner-1,,Bibliotecas,,Bibliotecas/Banner-1.jpg
B,,Bibliotecas,,Bibliotecas/B.jpg
BRITANIA-MODULAR-7-1,,Bibliotecas,,Bibliotecas/BRITANIA-MODULAR-7-1.jpg
biblioteca especial,,Bibliotecas,,Bibliotecas/biblioteca especial.png
biblioteca especisl,,Bibliotecas,,Bibliotecas/biblioteca especisl.png
Banner-4,,Bibliotecas,,Bibliotecas/Banner-4.jpg
BRITANIA-MODULAR-5-2,,Bibliotecas,,Bibliotecas/BRITANIA-MODULAR-5-2.jpg
biblioteca hb,,Bibliotecas,,Bibliotecas/biblioteca hb.png
A,,Bibliotecas,,Bibliotecas/A.jpg
Mekano_Galeria_4,,Bibliotecas,,Bibliotecas/Mekano_Galeria_4.jpg
Mekano_Galeria_5,,Bibliotecas,,Bibliotecas/Mekano_Galeria_5.jpg
DSC04029,Mesas,Mesas de Juntas,,Mesas/Mesas de Juntas/DSC04029.JPG
WhatsApp Image 2024-03-23 at 12.14.50 PM (3),Mesas,Mesas de Juntas,,Mesas/Mesas de Juntas/WhatsApp Image 2024-03-23 at 12.14.50 PM (3).jpeg
WhatsApp Image 2024-03-23 at 12.14.49 PM (1),Mesas,Mesas de Juntas,,Mesas/Mesas de Juntas/WhatsApp Image 2024-03-23 at 12.14.49 PM (1).jpeg
107242697_287710199132739_7063311631803424648_n,Mesas,Mesas de Juntas,,Mesas/Mesas de Juntas/107242697_287710199132739_7063311631803424648_n.jpg
DSC02185,Mesas,Mesas de Juntas,,Mesas/Mesas de Juntas/DSC02185.JPG
WhatsApp Image 2024-03-23 at 12.14.50 PM,Mesas,Mesas de Juntas,,Mesas/Mesas de Juntas/WhatsApp Image 2024-03-23 at 12.14.50 PM.jpeg
MESA DE JUNTA,Mesas,Mesas de Juntas,,Mesas/Mesas de Juntas/MESA DE JUNTA.png
WhatsApp Image 2024-03-23 at 12.14.50 PM (2),Mesas,Mesas de Juntas,,Mesas/Mesas de Juntas/WhatsApp Image 2024-03-23 at 12.14.50 PM (2).jpeg
Mesa rectangular,Mesas,Mesas de Juntas,,Mesas/Mesas de Juntas/Mesa rectangular.jpeg
Ofipartes - Mesa Tablet - Acabado Taup‚,Mesas de Juntas,Mesa Tablet,,Mesas/Mesas de Juntas/Mesa Tablet/Ofipartes - Mesa Tablet - Acabado Taup‚.jpg
Ofipartes Tablet Principal,Mesas de Juntas,Mesa Tablet,,Mesas/Mesas de Juntas/Mesa Tablet/Ofipartes Tablet Principal.jpg
Tablet - Ambiente Vertical 2,Mesas de Juntas,Mesa Tablet,,Mesas/Mesas de Juntas/Mesa Tablet/Tablet - Ambiente Vertical 2.jpg
Ofipartes - Mesa Tablet - Acabado Negro,Mesas de Juntas,Mesa Tablet,,Mesas/Mesas de Juntas/Mesa Tablet/Ofipartes - Mesa Tablet - Acabado Negro.jpg
Ofipartes - Mesa Tablet - Acabado Alpi Claro,Mesas de Juntas,Mesa Tablet,,Mesas/Mesas de Juntas/Mesa Tablet/Ofipartes - Mesa Tablet - Acabado Alpi Claro.jpg
Tablet - Ambiente Vertical,Mesas de Juntas,Mesa Tablet,,Mesas/Mesas de Juntas/Mesa Tablet/Tablet - Ambiente Vertical.jpg
Tablet - Ambiente picado,Mesas de Juntas,Mesa Tablet,,Mesas/Mesas de Juntas/Mesa Tablet/Tablet - Ambiente picado.jpg
Tablet - Ambiente Horizontal,Mesas de Juntas,Mesa Tablet,,Mesas/Mesas de Juntas/Mesa Tablet/Tablet - Ambiente Horizontal.jpg
Portada,Mesas de Juntas,Mesa Tablet,,Mesas/Mesas de Juntas/Mesa Tablet/Portada.jpg
Ofipartes - Mesa Tablet - Superficies,Mesas de Juntas,Mesa Tablet,,Mesas/Mesas de Juntas/Mesa Tablet/Ofipartes - Mesa Tablet - Superficies.jpg
Ofipartes - Mesa Tablet - Acabado Gris,Mesas de Juntas,Mesa Tablet,,Mesas/Mesas de Juntas/Mesa Tablet/Ofipartes - Mesa Tablet - Acabado Gris.jpg
Ofipartes - Tablet Sala de Espera,Mesas de Juntas,Mesa Tablet,,Mesas/Mesas de Juntas/Mesa Tablet/Ofipartes - Tablet Sala de Espera.jpg
Mañana+ruedas,Mesas,Bases abatibles,,Mesas/Bases abatibles/Mañana+ruedas.jpg
Portada+ruedas,Mesas,Bases abatibles,,Mesas/Bases abatibles/Portada+ruedas.jpg
Grupo copia,Mesas,Bases abatibles,,Mesas/Bases abatibles/Grupo copia.jpg
Presentación,Mesas,Bases abatibles,,Mesas/Bases abatibles/Presentación.jpg
Mañana,Mesas,Bases abatibles,,Mesas/Bases abatibles/Mañana.jpg
Accionamiento,Mesas,Bases abatibles,,Mesas/Bases abatibles/Accionamiento.jpg
14 corregida,Mesas,Bases abatibles,,Mesas/Bases abatibles/14 corregida.jpg
Individual+ruedas,Mesas,Bases abatibles,,Mesas/Bases abatibles/Individual+ruedas.jpg
Presentación+ruedas,Mesas,Bases abatibles,,Mesas/Bases abatibles/Presentación+ruedas.jpg
Abatible,Mesas,Bases abatibles,,Mesas/Bases abatibles/Abatible.jpg
Grupo+ruedas,Mesas,Bases abatibles,,Mesas/Bases abatibles/Grupo+ruedas.jpg
Individual,Mesas,Bases abatibles,,Mesas/Bases abatibles/Individual.jpg
3,Mesas,Bases abatibles,,Mesas/Bases abatibles/03.jpg
Portada ,Mesas,Bases abatibles,,Mesas/Bases abatibles/Portada .jpg
Italy Principal,Mesas,Bases abatibles,,Mesas/Bases abatibles/Italy Principal.jpg
Ave Post,Mesas,Centro,,Mesas/Centro/Ave Post.jpg
Ofipartes Ave Lounge Detalle,Mesas,Centro,,Mesas/Centro/Ofipartes Ave Lounge Detalle.jpg
Portada Ave,Mesas,Centro,,Mesas/Centro/Portada Ave.jpg
Ofipartes Ave Alturas Lounge,Mesas,Centro,,Mesas/Centro/Ofipartes Ave Alturas Lounge.jpg
Ofipartes Ave Lounge,Mesas,Centro,,Mesas/Centro/Ofipartes Ave Lounge.jpg
Ofipartes Ave Principal,Mesas,Centro,,Mesas/Centro/Ofipartes Ave Principal.jpg
Ambiente Ave,Mesas,Centro,,Mesas/Centro/Ambiente Ave.jpg
Ave,Mesas,Centro,,Mesas/Centro/Ave.jpg
Patas AVE -02,Mesas,Centro,,Mesas/Centro/Patas AVE -02.jpg
Ave altura,Mesas,Centro,,Mesas/Centro/Ave altura.jpg
Gris,Sillas,Salas de Capacitaciones,,Sillas/Salas de Capacitaciones/Gris.jpg
Oliva,Sillas,Salas de Capacitaciones,,Sillas/Salas de Capacitaciones/Oliva.jpg
Tesis Barú Clase Mostaza,Sillas,Salas de Capacitaciones,,Sillas/Salas de Capacitaciones/Tesis Barú Clase Mostaza.jpg
Silla Educaciขn Tesis Barฃ Clase Blanco,Sillas,Salas de Capacitaciones,,Sillas/Salas de Capacitaciones/Silla Educaciขn Tesis Barฃ Clase Blanco.jpg
drop-tesis-aula-4,Sillas,Salas de Capacitaciones,,Sillas/Salas de Capacitaciones/drop-tesis-aula-4.jpg
tesis-varios-cenital,Sillas,Salas de Capacitaciones,,Sillas/Salas de Capacitaciones/tesis-varios-cenital.jpg
Atributos tesis,Sillas,Salas de Capacitaciones,,Sillas/Salas de Capacitaciones/Atributos tesis.jpg
Silla Educaciขn Tesis Drop Clase Gris,Sillas,Salas de Capacitaciones,,Sillas/Salas de Capacitaciones/Silla Educaciขn Tesis Drop Clase Gris.jpg
Ofipartes Tesis Versiones,Sillas,Salas de Capacitaciones,,Sillas/Salas de Capacitaciones/Ofipartes Tesis Versiones.jpg
Cobalto,Sillas,Salas de Capacitaciones,,Sillas/Salas de Capacitaciones/Cobalto.jpg
drop-tesis-aula-2,Sillas,Salas de Capacitaciones,,Sillas/Salas de Capacitaciones/drop-tesis-aula-2.jpg
Arena_,Sillas,Salas de Capacitaciones,,Sillas/Salas de Capacitaciones/Arena_.jpg
Tesis_bases,Sillas,Salas de Capacitaciones,,Sillas/Salas de Capacitaciones/Tesis_bases.jpg
Silla Educaciขn Tesis Barฃ Clase Marino,Sillas,Salas de Capacitaciones,,Sillas/Salas de Capacitaciones/Silla Educaciขn Tesis Barฃ Clase Marino.jpg
Tesis Barú Clase Taupéjpg,Sillas,Salas de Capacitaciones,,Sillas/Salas de Capacitaciones/Tesis Barú Clase Taupéjpg.jpg
Carbón,Sillas,Salas de Capacitaciones,,Sillas/Salas de Capacitaciones/Carbón.jpg
Barú Tesis - Ambiente,Sillas,Salas de Capacitaciones,,Sillas/Salas de Capacitaciones/Barú Tesis - Ambiente.jpg
Principal,Sillas,Salas de Capacitaciones,,Sillas/Salas de Capacitaciones/Principal.jpg
drop-tesis-aula-3,Sillas,Salas de Capacitaciones,,Sillas/Salas de Capacitaciones/drop-tesis-aula-3.jpg
Mostaza,Sillas,Salas de Capacitaciones,,Sillas/Salas de Capacitaciones/Mostaza.jpg
drop-tesis-mostaza-movimiento,Sillas,Salas de Capacitaciones,,Sillas/Salas de Capacitaciones/drop-tesis-mostaza-movimiento.jpg
drop-tesis-mostaza-,Sillas,Salas de Capacitaciones,,Sillas/Salas de Capacitaciones/drop-tesis-mostaza-.jpg
Oliva+Negro,Sillas,Salas de Capacitaciones,,Sillas/Salas de Capacitaciones/Oliva+Negro.jpg
drop-tesis-aula-5,Sillas,Salas de Capacitaciones,,Sillas/Salas de Capacitaciones/drop-tesis-aula-5.jpg
drop-tesis-giro-tabla,Sillas,Salas de Capacitaciones,,Sillas/Salas de Capacitaciones/drop-tesis-giro-tabla.jpg
Ofipartes Bar｣ Tesis Ambiente,Sillas,Salas de Capacitaciones,,Sillas/Salas de Capacitaciones/Ofipartes Bar｣ Tesis Ambiente.jpg
drop-tesis-aula-1,Sillas,Salas de Capacitaciones,,Sillas/Salas de Capacitaciones/drop-tesis-aula-1.jpg
Blanco,Sillas,Salas de Capacitaciones,,Sillas/Salas de Capacitaciones/Blanco.jpg
Drop Comedores_v3,Sillas,Interlocutoras,,Sillas/Interlocutoras/Drop Comedores_v3.jpg
Ofipartes - Soft Seating - Drop Tapizada - Estudio,Sillas,Interlocutoras,,Sillas/Interlocutoras/Ofipartes - Soft Seating - Drop Tapizada - Estudio.jpg
Ofipartes Drop Inza Cobalto,Sillas,Interlocutoras,,Sillas/Interlocutoras/Ofipartes Drop Inza Cobalto.jpg
drop-planta-ofipartes 2,Sillas,Interlocutoras,,Sillas/Interlocutoras/drop-planta-ofipartes 2.jpg
Ofipartes - Soft Seating - Drop Tapizada - Detalle,Sillas,Interlocutoras,,Sillas/Interlocutoras/Ofipartes - Soft Seating - Drop Tapizada - Detalle.jpg
Detalle Drop Detalle cobalto,Sillas,Interlocutoras,,Sillas/Interlocutoras/Detalle Drop Detalle cobalto.jpg
Drop Comedores_v4,Sillas,Interlocutoras,,Sillas/Interlocutoras/Drop Comedores_v4.jpg
Drop Comedores,Sillas,Interlocutoras,,Sillas/Interlocutoras/Drop Comedores.jpg
Drop Tortora 1,Sillas,Interlocutoras,,Sillas/Interlocutoras/Drop Tortora 1.jpg
Oficina Abierta Drop Fura,Sillas,Interlocutoras,,Sillas/Interlocutoras/Oficina Abierta Drop Fura.jpg
Drop Reuniones Informales,Sillas,Interlocutoras,,Sillas/Interlocutoras/Drop Reuniones Informales.jpg
Ofipartes Drop Swiss - Reuniones informales,Sillas,Interlocutoras,,Sillas/Interlocutoras/Ofipartes Drop Swiss - Reuniones informales.jpg
drop-oliva-III-ofipartes,Sillas,Interlocutoras,,Sillas/Interlocutoras/drop-oliva-III-ofipartes.jpg
Ofipartes Detalle Drop,Sillas,Interlocutoras,,Sillas/Interlocutoras/Ofipartes Detalle Drop.jpg
Ofipartes Drop 4 patas en madera,Sillas,Interlocutoras,,Sillas/Interlocutoras/Ofipartes Drop 4 patas en madera.jpg
Detalle Drop Detalle blanco,Sillas,Interlocutoras,,Sillas/Interlocutoras/Detalle Drop Detalle blanco.jpg
Drop terrazas,Sillas,Interlocutoras,,Sillas/Interlocutoras/Drop terrazas.jpg
Drop Exteriores,Sillas,Interlocutoras,,Sillas/Interlocutoras/Drop Exteriores.jpg
Ofipartes Drop Principal,Sillas,Interlocutoras,,Sillas/Interlocutoras/Ofipartes Drop Principal.jpg
Ofipartes Drop 4 patas madera - Reuniones informales,Sillas,Interlocutoras,,Sillas/Interlocutoras/Ofipartes Drop 4 patas madera - Reuniones informales.jpg
Ofipartes - Soft Seating - Drop Tapizada - Detalle3,Sillas,Interlocutoras,,Sillas/Interlocutoras/Ofipartes - Soft Seating - Drop Tapizada - Detalle3.jpg
drop-swiss-home-office,Sillas,Interlocutoras,,Sillas/Interlocutoras/drop-swiss-home-office.jpg
Drop Portada,Sillas,Interlocutoras,,Sillas/Interlocutoras/Drop Portada.jpg
Copia de Drop Ambiente corregida,Sillas,Interlocutoras,,Sillas/Interlocutoras/Copia de Drop Ambiente corregida.jpg
Drop Fura Cobalto,Sillas,Interlocutoras,,Sillas/Interlocutoras/Drop Fura Cobalto.jpg
Ofipartes - Soft Seating - Drop Tapizada - Principal,Sillas,Interlocutoras,,Sillas/Interlocutoras/Ofipartes - Soft Seating - Drop Tapizada - Principal.jpg
Drop Tortora,Sillas,Interlocutoras,,Sillas/Interlocutoras/Drop Tortora.jpg
Ofipartes Drop Inza - Reuniones informales,Sillas,Interlocutoras,,Sillas/Interlocutoras/Ofipartes Drop Inza - Reuniones informales.jpg
Drop Ambiente corregida,Sillas,Interlocutoras,,Sillas/Interlocutoras/Drop Ambiente corregida.jpg
drop-detail-multipurpose,Sillas,Interlocutoras,,Sillas/Interlocutoras/drop-detail-multipurpose.jpg
Drop 4 Patas madera,Sillas,Interlocutoras,,Sillas/Interlocutoras/Drop 4 Patas madera.jpg
Ofipartes - Soft Seating - Drop Tapizada - Restaurante,Sillas,Interlocutoras,,Sillas/Interlocutoras/Ofipartes - Soft Seating - Drop Tapizada - Restaurante.jpg
Detalle Drop Detalle mostaza,Sillas,Interlocutoras,,Sillas/Interlocutoras/Detalle Drop Detalle mostaza.jpg
Drop Tapizada - Ambiente,Sillas,Interlocutoras,,Sillas/Interlocutoras/Drop Tapizada - Ambiente.jpg
Drop Blanca 2,Sillas,Interlocutoras,,Sillas/Interlocutoras/Drop Blanca 2.jpg
Ofipartes - Soft Seating - Drop Tapizada - Barra,Sillas,Interlocutoras,,Sillas/Interlocutoras/Ofipartes - Soft Seating - Drop Tapizada - Barra.jpg
Ofipartes Drop Apiladas,Sillas,Interlocutoras,,Sillas/Interlocutoras/Ofipartes Drop Apiladas.jpg
Ofipartes - Soft Seating - Drop Tapizada - Detalle2,Sillas,Interlocutoras,,Sillas/Interlocutoras/Ofipartes - Soft Seating - Drop Tapizada - Detalle2.jpg
Drop Tapizada 4,Sillas,Interlocutoras,,Sillas/Interlocutoras/Drop Tapizada 4.jpg
Ofipartes - Soft Seating - Drop Tapizada - Detalle4,Sillas,Interlocutoras,,Sillas/Interlocutoras/Ofipartes - Soft Seating - Drop Tapizada - Detalle4.jpg
drop-oliva-ofipartes,Sillas,Interlocutoras,,Sillas/Interlocutoras/drop-oliva-ofipartes.jpg
Drop Tortora 4,Sillas,Interlocutoras,,Sillas/Interlocutoras/Drop Tortora 4.jpg
drop-oliva-II-ofipartes,Sillas,Interlocutoras,,Sillas/Interlocutoras/drop-oliva-II-ofipartes.jpg
Drop Tortora 2,Sillas,Interlocutoras,,Sillas/Interlocutoras/Drop Tortora 2.jpg
Drop Ambiente colores,Sillas,Interlocutoras,,Sillas/Interlocutoras/Drop Ambiente colores.jpg
Drop Comedores_v2,Sillas,Interlocutoras,,Sillas/Interlocutoras/Drop Comedores_v2.jpg
Drop Barras,Sillas,Interlocutoras,,Sillas/Interlocutoras/Drop Barras.jpg
Colores Drop Principal,Sillas,Interlocutoras,,Sillas/Interlocutoras/Colores Drop Principal.jpg
Luna hogar,Sillas,Poltronas,,Sillas/Poltronas/Luna hogar.jpg
Musa Loop Full HD,Sillas,Poltronas,,Sillas/Poltronas/Musa Loop Full HD.jpg
Ofipartes Cat logo Poltrona Luna,Sillas,Poltronas,,Sillas/Poltronas/Ofipartes Cat logo Poltrona Luna.jpg
Luna Ambiente,Sillas,Poltronas,,Sillas/Poltronas/Luna Ambiente.jpg
Musa_Inza_Lana_ReunionesInformales,Sillas,Poltronas,,Sillas/Poltronas/Musa_Inza_Lana_ReunionesInformales.jpg
Musa 4 Apoyos,Sillas,Poltronas,,Sillas/Poltronas/Musa 4 Apoyos.jpg
MusaAlta_Lana_DetalleEspaldar,Sillas,Poltronas,,Sillas/Poltronas/MusaAlta_Lana_DetalleEspaldar.jpg
Ofipartes Poltrona Luna base Inza - Sala de Reuniones,Sillas,Poltronas,,Sillas/Poltronas/Ofipartes Poltrona Luna base Inza - Sala de Reuniones.jpg
Luna Portada Catálogo,Sillas,Poltronas,,Sillas/Poltronas/Luna Portada Catálogo.jpg
Ofipartes Poltrona Luna lกnea de producciขn,Sillas,Poltronas,,Sillas/Poltronas/Ofipartes Poltrona Luna lกnea de producciขn.jpg
Ofipartes Musa Lana 153,Sillas,Poltronas,,Sillas/Poltronas/Ofipartes Musa Lana 153.jpg
luna-home-office-ofipartes,Sillas,Poltronas,,Sillas/Poltronas/luna-home-office-ofipartes.jpg
luna-detalle-home-office-ofipartes,Sillas,Poltronas,,Sillas/Poltronas/luna-detalle-home-office-ofipartes.jpg
banner-luna-ofipartes-soft-seating,Sillas,Poltronas,,Sillas/Poltronas/banner-luna-ofipartes-soft-seating.jpg
Luna Diferentes,Sillas,Poltronas,,Sillas/Poltronas/Luna Diferentes.jpg
Ofipartes Musa Detalle Espaldar Alto Gris,Sillas,Poltronas,,Sillas/Poltronas/Ofipartes Musa Detalle Espaldar Alto Gris.jpg
fura-homeoffice-luna-poltrona,Sillas,Poltronas,,Sillas/Poltronas/fura-homeoffice-luna-poltrona.jpg
Ofipartes Musa Inza Estudio,Sillas,Poltronas,,Sillas/Poltronas/Ofipartes Musa Inza Estudio.jpg
Lunas,Sillas,Poltronas,,Sillas/Poltronas/Lunas.jpg
Ofipartes Musa Hogar,Sillas,Poltronas,,Sillas/Poltronas/Ofipartes Musa Hogar.jpg
Ofipartes Musa Lounge,Sillas,Poltronas,,Sillas/Poltronas/Ofipartes Musa Lounge.jpg
Musa_Principal_Versiones,Sillas,Poltronas,,Sillas/Poltronas/Musa_Principal_Versiones.jpg
ofipartes_fabricacion_luna,Sillas,Poltronas,,Sillas/Poltronas/ofipartes_fabricacion_luna.jpg
luna-inza-home-office-ofipartes,Sillas,Poltronas,,Sillas/Poltronas/luna-inza-home-office-ofipartes.jpg
Ofipartes Luna Versiones,Sillas,Poltronas,,Sillas/Poltronas/Ofipartes Luna Versiones.jpg
Ofipartes Poltrona Luna base 4 apoyos con mesa Wing,Sillas,Poltronas,,Sillas/Poltronas/Ofipartes Poltrona Luna base 4 apoyos con mesa Wing.jpg
Detalle Costura,Sillas,Poltronas,,Sillas/Poltronas/Detalle Costura.jpg
Ofipartes Poltrona Luna base 4 Apoyos en oficina abierta,Sillas,Poltronas,,Sillas/Poltronas/Ofipartes Poltrona Luna base 4 Apoyos en oficina abierta.jpg
Portada,Sillas,Poltronas,,Sillas/Poltronas/Portada.jpg
Musa Trineo Full HD,Sillas,Poltronas,,Sillas/Poltronas/Musa Trineo Full HD.jpg
Ofipartes Musa Detalle Espaldar,Sillas,Poltronas,,Sillas/Poltronas/Ofipartes Musa Detalle Espaldar.jpg
Ofipartes Poltrona Luna Base Fura con mesa Ermete,Sillas,Poltronas,,Sillas/Poltronas/Ofipartes Poltrona Luna Base Fura con mesa Ermete.jpg
Tótem + rodachinas Showroom,Sillas,Puff,,Sillas/Puff/Tótem + rodachinas Showroom.jpg
Tótem Showroom,Sillas,Puff,,Sillas/Puff/Tótem Showroom.jpg
Tótem - NG - Apilado,Sillas,Puff,,Sillas/Puff/Tótem - NG - Apilado.jpg
Tótem - Blancas - Estudio,Sillas,Puff,,Sillas/Puff/Tótem - Blancas - Estudio.jpg
Tótem - Oficina Abierta,Sillas,Puff,,Sillas/Puff/Tótem - Oficina Abierta.jpg
Tótem - Biblioteca,Sillas,Puff,,Sillas/Puff/Tótem - Biblioteca.jpg
Tótem - Ruedas apiladas - Estudio,Sillas,Puff,,Sillas/Puff/Tótem - Ruedas apiladas - Estudio.jpg
Tótem - Todas las versiones - Estudio,Sillas,Puff,,Sillas/Puff/Tótem - Todas las versiones - Estudio.jpg
Tótem - Biblioteca 2,Sillas,Puff,,Sillas/Puff/Tótem - Biblioteca 2.jpg
Ofipartes Tótem Principal,Sillas,Puff,,Sillas/Puff/Ofipartes Tótem Principal.jpg
Tótem - Biblioteca 3,Sillas,Puff,,Sillas/Puff/Tótem - Biblioteca 3.jpg
16. BOOM - AGENDA 2023 - FINAL FULL 300 PPP,Sillas,Otros,,Sillas/Otros/16. BOOM - AGENDA 2023 - FINAL FULL 300 PPP.jpg
TEST-BAR---PATRICK-3,Sillas,Otros,,Sillas/Otros/TEST-BAR---PATRICK-3.jpg
19. FOLDY - AGENDA 2023 - FULL FINAL 300 PPP,Sillas,Otros,,Sillas/Otros/19. FOLDY - AGENDA 2023 - FULL FINAL 300 PPP.jpg
15. TANDEM LOGAN - AGENDA 2023 - FINAL FULL 300 PPP,Sillas,Otros,,Sillas/Otros/15. TANDEM LOGAN - AGENDA 2023 - FINAL FULL 300 PPP.jpg
LEO - BANNER - FINAL - FULL 300 PPP,Sillas,Otros,,Sillas/Otros/LEO - BANNER - FINAL - FULL 300 PPP.jpg
TEST - PROVE VELA - 2 - FULL,Sillas,Otros,,Sillas/Otros/TEST - PROVE VELA - 2 - FULL.jpg
10. LIA - AGENDA 2023 - FINAL FULL 300 PPP,Sillas,Otros,,Sillas/Otros/10. LIA - AGENDA 2023 - FINAL FULL 300 PPP.jpg
4. DELPHI 2 - AGENDA 2023 - FINAL FULL 300 PPP,Sillas,Otros,,Sillas/Otros/4. DELPHI 2 - AGENDA 2023 - FINAL FULL 300 PPP.jpg
1. BURO - AGENDA 2023 - FULL FINAL 300 PPP,Sillas,Otros,,Sillas/Otros/1. BURO - AGENDA 2023 - FULL FINAL 300 PPP.jpg
KIRO - AMBIENTADA - FULL - 300 PPP,Sillas,Otros,,Sillas/Otros/KIRO - AMBIENTADA - FULL - 300 PPP.jpg
VOLGA - FINAL FULL,Sillas,Otros,,Sillas/Otros/VOLGA - FINAL FULL.png
TEST - PROVE VELA - 1 - FULL,Sillas,Otros,,Sillas/Otros/TEST - PROVE VELA - 1 - FULL.jpg
7. TANDEM PRISMA - AGENDA 2023 - FINAL FULL 300 PPP,Sillas,Otros,,Sillas/Otros/7. TANDEM PRISMA - AGENDA 2023 - FINAL FULL 300 PPP.jpg
22. VICK - AGENDA 2023 - FINAL FULL 300 PPP,Sillas,Otros,,Sillas/Otros/22. VICK - AGENDA 2023 - FINAL FULL 300 PPP.jpg
TEST - PROVE VELA - 3 - FULL,Sillas,Otros,,Sillas/Otros/TEST - PROVE VELA - 3 - FULL.jpg
COCCOLONA - CE - FINAL 300 PPP,Sillas,Otros,,Sillas/Otros/COCCOLONA - CE - FINAL 300 PPP.jpg
3. TANDEM AEROPUERTO - AGENDA 2023 - FULL FINAL 300 PPP,Sillas,Otros,,Sillas/Otros/3. TANDEM AEROPUERTO - AGENDA 2023 - FULL FINAL 300 PPP.jpg
9. CLAY - AGENDA 2023 - FINAL FULL 300 PPP,Sillas,Otros,,Sillas/Otros/9. CLAY - AGENDA 2023 - FINAL FULL 300 PPP.jpg
NOHA_1,Sillas,Otros,,Sillas/Otros/NOHA_1.jpeg
20. MISURI - AGENDA 2023 - FULL FINAL 300 PPP,Sillas,Otros,,Sillas/Otros/20. MISURI - AGENDA 2023 - FULL FINAL 300 PPP.jpg
EMI OLIVA - FULL FINAL,Sillas,Otros,,Sillas/Otros/EMI OLIVA - FULL FINAL.jpg
2. THINK - AGENDA 2023 - FINAL FULL 300 PPP,Sillas,Otros,,Sillas/Otros/2. THINK - AGENDA 2023 - FINAL FULL 300 PPP.jpg
mesa-tulip-con-4-sillas-eames-dsw-3b5c9a9c55f8afae0715126372919715-1024-1024,Sillas,Otros,,Sillas/Otros/mesa-tulip-con-4-sillas-eames-dsw-3b5c9a9c55f8afae0715126372919715-1024-1024.jpg
AMBIENTE-POPPY---FINAL-FULL,Sillas,Otros,,Sillas/Otros/AMBIENTE-POPPY---FINAL-FULL.jpg
cadeira-charles-eames,Sillas,Otros,,Sillas/Otros/cadeira-charles-eames.jpg
25. MONK - AGENDA 2023 - FINAL FULL 300 PPP,Sillas,Otros,,Sillas/Otros/25. MONK - AGENDA 2023 - FINAL FULL 300 PPP.jpg
RENDER-LIZ---FULL-,Sillas,Otros,,Sillas/Otros/RENDER-LIZ---FULL-.jpg
BOOM - FINAL FULL,Sillas,Otros,,Sillas/Otros/BOOM - FINAL FULL.png
5. MOVIE - AGENDA 2023 - FINAL FULL 300 PPP,Sillas,Otros,,Sillas/Otros/5. MOVIE - AGENDA 2023 - FINAL FULL 300 PPP.jpg
RENDER - EAMES BLANCAS - ECUADOR - FULL,Sillas,Otros,,Sillas/Otros/RENDER - EAMES BLANCAS - ECUADOR - FULL.jpg
13. Q5 - AGENDA 2023 - FINAL FULL 300 PPP,Sillas,Otros,,Sillas/Otros/13. Q5 - AGENDA 2023 - FINAL FULL 300 PPP.jpg
CONTRACT - ECU Y PERU - BOOM - FINAL - 300 PPP,Sillas,Otros,,Sillas/Otros/CONTRACT - ECU Y PERU - BOOM - FINAL - 300 PPP.jpg
BURO - DDI - COL - FULL - 300 PPP,Sillas,Otros,,Sillas/Otros/BURO - DDI - COL - FULL - 300 PPP.jpg
26. DIVA - AGENDA 2023 - FINAL FULL 300 PPP,Sillas,Otros,,Sillas/Otros/26. DIVA - AGENDA 2023 - FINAL FULL 300 PPP.jpg
RENDER SILLAS BAR - BASE TRINEO - FINAL 300 PPP,Sillas,Otros,,Sillas/Otros/RENDER SILLAS BAR - BASE TRINEO - FINAL 300 PPP.jpg
RENDER - OLIVER FAMILIA - AMBIENTE - FULL,Sillas,Otros,,Sillas/Otros/RENDER - OLIVER FAMILIA - AMBIENTE - FULL.jpg
6. TWIG - AGENDA 2023 - FINAL FULL 300 PPP,Sillas,Otros,,Sillas/Otros/6. TWIG - AGENDA 2023 - FINAL FULL 300 PPP.jpg
RENDER - Q5 - FAMILIA - FULL,Sillas,Otros,,Sillas/Otros/RENDER - Q5 - FAMILIA - FULL.jpg
BOOM - GOYA FULL v2,Sillas,Otros,,Sillas/Otros/BOOM - GOYA FULL v2.jpg
EMI- CE - FINAL 300 PPP,Sillas,Otros,,Sillas/Otros/EMI- CE - FINAL 300 PPP.jpg
23. PINKO - AGENDA 2023 - FINAL FULL 300 PPP,Sillas,Otros,,Sillas/Otros/23. PINKO - AGENDA 2023 - FINAL FULL 300 PPP.jpg
RENDER-SCAB---EMI-Y-PIU,Sillas,Otros,,Sillas/Otros/RENDER-SCAB---EMI-Y-PIU.jpg
17. BOSS - AGENDA 2023 - FINAL FULL 300 PPP,Sillas,Otros,,Sillas/Otros/17. BOSS - AGENDA 2023 - FINAL FULL 300 PPP.jpg
NEFI - PERU - AMBIENTE - FULL - 300 PPP,Sillas,Otros,,Sillas/Otros/NEFI - PERU - AMBIENTE - FULL - 300 PPP.jpg
PRISMA-UNIVERSITARIA---CATALOGO---UNIVERSITARIAS---FULL,Sillas,Otros,,Sillas/Otros/PRISMA-UNIVERSITARIA---CATALOGO---UNIVERSITARIAS---FULL.jpg
8. MARA - AGENDA 2023 - FINAL FULL 300 PPP,Sillas,Otros,,Sillas/Otros/8. MARA - AGENDA 2023 - FINAL FULL 300 PPP.jpg
LEXUS---RENDER-CALENDARIO-ECO-2023---FULL,Sillas,Otros,,Sillas/Otros/LEXUS---RENDER-CALENDARIO-ECO-2023---FULL.jpg
GHOST - DDI - PER - FULL - 300 PPP,Sillas,Otros,,Sillas/Otros/GHOST - DDI - PER - FULL - 300 PPP.jpg
24. VOLGA - AGENDA 2023 - FINAL FULL 300 PPP,Sillas,Otros,,Sillas/Otros/24. VOLGA - AGENDA 2023 - FINAL FULL 300 PPP.jpg
RENDER - EMA TAPIZ BLANCAS - PERU - FULL,Sillas,Otros,,Sillas/Otros/RENDER - EMA TAPIZ BLANCAS - PERU - FULL.jpg
LOGAN - UNIVERSITARIA - FULL,Sillas,Otros,,Sillas/Otros/LOGAN - UNIVERSITARIA - FULL.jpg
NEFI - PERU - DOS VERSIONES - FULL - final - 300 PPP,Sillas,Otros,,Sillas/Otros/NEFI - PERU - DOS VERSIONES - FULL - final - 300 PPP.jpg
LOGAN LISA - HOSPITAL - FULL,Sillas,Otros,,Sillas/Otros/LOGAN LISA - HOSPITAL - FULL.jpg
"BANNER-WEB---COCCOLONA,-PIU,-ARGO---FULL",Sillas,Otros,,"Sillas/Otros/BANNER-WEB---COCCOLONA,-PIU,-ARGO---FULL.jpg"
STELA-ALTA---FULL-FINAL---REVISADO,Sillas,Otros,,Sillas/Otros/STELA-ALTA---FULL-FINAL---REVISADO.jpg
12. NOVA - AGENDA 2023 - FINAL FULL 300 PPP,Sillas,Otros,,Sillas/Otros/12. NOVA - AGENDA 2023 - FINAL FULL 300 PPP.jpg
VOLGA - GOYA FULL v2,Sillas,Otros,,Sillas/Otros/VOLGA - GOYA FULL v2.jpg
14. DELPHI 1 - AGENDA 2023 - FINAL FULL 300 PPP,Sillas,Otros,,Sillas/Otros/14. DELPHI 1 - AGENDA 2023 - FINAL FULL 300 PPP.jpg
PIU - CE - FINAL 300 PPP,Sillas,Otros,,Sillas/Otros/PIU - CE - FINAL 300 PPP.jpg
BANNER-SKALA,Sillas,Otros,,Sillas/Otros/BANNER-SKALA.jpg
BUTTERFLY---CATALOGO---GIRATORIAS---FULL-V2,Sillas,Otros,,Sillas/Otros/BUTTERFLY---CATALOGO---GIRATORIAS---FULL-V2.jpg
21. ONIX - AGENDA 2023 - FINAL FULL 300 PPP,Sillas,Otros,,Sillas/Otros/21. ONIX - AGENDA 2023 - FINAL FULL 300 PPP.jpg
RENDER SHAPE Y LIA - FULL,Sillas,Otros,,Sillas/Otros/RENDER SHAPE Y LIA - FULL.jpg
11. LIZ - AGENDA 2023 - FINAL FULL 300 PPP,Sillas,Otros,,Sillas/Otros/11. LIZ - AGENDA 2023 - FINAL FULL 300 PPP.jpg
CONTRACT - COLOMBIA - OLIVER - FINAL - 300 PPP,Sillas,Otros,,Sillas/Otros/CONTRACT - COLOMBIA - OLIVER - FINAL - 300 PPP.jpg
BOOM - DDI - ECU - FULL - 300 PPP,Sillas,Otros,,Sillas/Otros/BOOM - DDI - ECU - FULL - 300 PPP.jpg
18. EMA TAPIZ - AGENDA 2023 - FULL FINAL 300 PPP,Sillas,Otros,,Sillas/Otros/18. EMA TAPIZ - AGENDA 2023 - FULL FINAL 300 PPP.jpg
RUDY - FINAL - FULL 300 PPP,Sillas,Otros,,Sillas/Otros/RUDY - FINAL - FULL 300 PPP.jpg
silla-eames-8,Sillas,Otros,,Sillas/Otros/silla-eames-8.jpg
Q1 Media Base Alpha Diagonal Trasera,Sillas,Sillas Ergonómicas,,Sillas/Sillas Ergonómicas/Q1 Media Base Alpha Diagonal Trasera.jpg
Zuhe-Gris-2-bloqueos-cabecero-malla,Sillas,Sillas Ergonómicas,,Sillas/Sillas Ergonómicas/Zuhe-Gris-2-bloqueos-cabecero-malla.jpg
Version1,Sillas,Sillas Ergonómicas,,Sillas/Sillas Ergonómicas/Version1.jpg
Version2,Sillas,Sillas Ergonómicas,,Sillas/Sillas Ergonómicas/Version2.jpg
OfipartesZuh‚ - Espaldar Tapizado - F,Sillas,Sillas Ergonómicas,,Sillas/Sillas Ergonómicas/OfipartesZuh‚ - Espaldar Tapizado - F.jpg
Wiwa Tapizada - Oficina Cerrada,Sillas,Sillas Ergonómicas,,Sillas/Sillas Ergonómicas/Wiwa Tapizada - Oficina Cerrada.jpg
Zuhé Detalle,Sillas,Sillas Ergonómicas,,Sillas/Sillas Ergonómicas/Zuhé Detalle.jpg
Wiwa Tapizada - DT,Sillas,Sillas Ergonómicas,,Sillas/Sillas Ergonómicas/Wiwa Tapizada - DT.jpg
Ofipartes Silla Q1 detalle espaldar,Sillas,Sillas Ergonómicas,,Sillas/Sillas Ergonómicas/Ofipartes Silla Q1 detalle espaldar.jpg
Detalle espaldar blanco,Sillas,Sillas Ergonómicas,,Sillas/Sillas Ergonómicas/Detalle espaldar blanco.jpg
Ofipartes Zuh‚ Tapizada - Home Office,Sillas,Sillas Ergonómicas,,Sillas/Sillas Ergonómicas/Ofipartes Zuh‚ Tapizada - Home Office.jpg
Ofipartes Silla Zuh‚ Blanca,Sillas,Sillas Ergonómicas,,Sillas/Sillas Ergonómicas/Ofipartes Silla Zuh‚ Blanca.jpg
Ofipartes Zuh‚ Espaldar Tapizado,Sillas,Sillas Ergonómicas,,Sillas/Sillas Ergonómicas/Ofipartes Zuh‚ Espaldar Tapizado.jpg
Wiwa Tapizada - Oficina Abierta 2,Sillas,Sillas Ergonómicas,,Sillas/Sillas Ergonómicas/Wiwa Tapizada - Oficina Abierta 2.jpg
WIWA_RIDE_EPRON_LOOP,Sillas,Sillas Ergonómicas,,Sillas/Sillas Ergonómicas/WIWA_RIDE_EPRON_LOOP.jpg
Ofipartes - Wiwa - Oficina Privada,Sillas,Sillas Ergonómicas,,Sillas/Sillas Ergonómicas/Ofipartes - Wiwa - Oficina Privada.png
Q1 Media Basculante,Sillas,Sillas Ergonómicas,,Sillas/Sillas Ergonómicas/Q1 Media Basculante.jpg
Zuhé-Tapizada-Gris,Sillas,Sillas Ergonómicas,,Sillas/Sillas Ergonómicas/Zuhé-Tapizada-Gris.jpg
Wiwa Tapizada - Oficina Abierta,Sillas,Sillas Ergonómicas,,Sillas/Sillas Ergonómicas/Wiwa Tapizada - Oficina Abierta.jpg
Oficina privada 1,Sillas,Sillas Ergonómicas,,Sillas/Sillas Ergonómicas/Oficina privada 1.jpg
Ofipartes Zuh‚ Tapizada Principal,Sillas,Sillas Ergonómicas,,Sillas/Sillas Ergonómicas/Ofipartes Zuh‚ Tapizada Principal.jpg
Q1 Interlocutora,Sillas,Sillas Ergonómicas,,Sillas/Sillas Ergonómicas/Q1 Interlocutora.jpg
Oficina privada 2,Sillas,Sillas Ergonómicas,,Sillas/Sillas Ergonómicas/Oficina privada 2.jpg
Q1 Media Cajero,Sillas,Sillas Ergonómicas,,Sillas/Sillas Ergonómicas/Q1 Media Cajero.jpg
Principal Alta,Sillas,Sillas Ergonómicas,,Sillas/Sillas Ergonómicas/Principal Alta.jpg
Q1 Media 1,Sillas,Sillas Ergonómicas,,Sillas/Sillas Ergonómicas/Q1 Media 1.jpg
Ofipartes-Zuhé-Gris-Sala-de-juntas,Sillas,Sillas Ergonómicas,,Sillas/Sillas Ergonómicas/Ofipartes-Zuhé-Gris-Sala-de-juntas.jpg
Oficina privada 3,Sillas,Sillas Ergonómicas,,Sillas/Sillas Ergonómicas/Oficina privada 3.jpg
Ofipartes Wiwa Ajuste Alturas Oficina Abierta,Sillas,Sillas Ergonómicas,,Sillas/Sillas Ergonómicas/Ofipartes Wiwa Ajuste Alturas Oficina Abierta.jpg
Ofipartes Zuh‚ Tapizada - Oficina Privada,Sillas,Sillas Ergonómicas,,Sillas/Sillas Ergonómicas/Ofipartes Zuh‚ Tapizada - Oficina Privada.jpg
Zuhé Vertical,Sillas,Sillas Ergonómicas,,Sillas/Sillas Ergonómicas/Zuhé Vertical.jpg
SL1,Sillas,Sillas Ergonómicas,,Sillas/Sillas Ergonómicas/SL1.jpg
Ofipartes Silla Q1 Negra estudio,Sillas,Sillas Ergonómicas,,Sillas/Sillas Ergonómicas/Ofipartes Silla Q1 Negra estudio.jpg
Q1Blanca_OficinaPrivada,Sillas,Sillas Ergonómicas,,Sillas/Sillas Ergonómicas/Q1Blanca_OficinaPrivada.jpg
Acabado Eco Canvas - TVO Gris,Sillas,Sillas Ergonómicas,,Sillas/Sillas Ergonómicas/Acabado Eco Canvas - TVO Gris.jpg
Q1 Media oficina abierta,Sillas,Sillas Ergonómicas,,Sillas/Sillas Ergonómicas/Q1 Media oficina abierta.jpg
Ciclograma Q1 corregida,Sillas,Sillas Ergonómicas,,Sillas/Sillas Ergonómicas/Ciclograma Q1 corregida.jpg
Wiwa Tapizada - T,Sillas,Sillas Ergonómicas,,Sillas/Sillas Ergonómicas/Wiwa Tapizada - T.jpg
Q1 Alta Negra Oficina Abierta,Sillas,Sillas Ergonómicas,,Sillas/Sillas Ergonómicas/Q1 Alta Negra Oficina Abierta.jpg
Q1 Media 2,Sillas,Sillas Ergonómicas,,Sillas/Sillas Ergonómicas/Q1 Media 2.jpg
Q1 Media Base Alpha Diagonal Frontal,Sillas,Sillas Ergonómicas,,Sillas/Sillas Ergonómicas/Q1 Media Base Alpha Diagonal Frontal.jpg
Ofipartes Silla Zuhe Espaldar Negro,Sillas,Sillas Ergonómicas,,Sillas/Sillas Ergonómicas/Ofipartes Silla Zuhe Espaldar Negro.jpg
Principal Media,Sillas,Sillas Ergonómicas,,Sillas/Sillas Ergonómicas/Principal Media.jpg
Portada Q1 Alta,Sillas,Sillas Ergonómicas,,Sillas/Sillas Ergonómicas/Portada Q1 Alta.jpg
Ofipartes Zuh‚ - Espaldar-Tapizado-DF,Sillas,Sillas Ergonómicas,,Sillas/Sillas Ergonómicas/Ofipartes Zuh‚ - Espaldar-Tapizado-DF.jpg
Q1Blanca_Detalle,Sillas,Sillas Ergonómicas,,Sillas/Sillas Ergonómicas/Q1Blanca_Detalle.jpg
Zuhé Blancas,Sillas,Sillas Ergonómicas,,Sillas/Sillas Ergonómicas/Zuhé Blancas.jpg
Q1 Media asiento Sisax,Sillas,Sillas Ergonómicas,,Sillas/Sillas Ergonómicas/Q1 Media asiento Sisax.jpg
Ofipartes Silla Zuh‚ Blanca - Oficina Abierta,Sillas,Sillas Ergonómicas,,Sillas/Sillas Ergonómicas/Ofipartes Silla Zuh‚ Blanca - Oficina Abierta.jpg
Zuhé Pórtada,Sillas,Sillas Ergonómicas,,Sillas/Sillas Ergonómicas/Zuhé Pórtada.jpg
Detalle Eco Canvas,Sillas,Sillas Ergonómicas,,Sillas/Sillas Ergonómicas/Detalle Eco Canvas.jpg
Ofipartes Silla Zuhe Espaldar Blanco,Sillas,Sillas Ergonómicas,,Sillas/Sillas Ergonómicas/Ofipartes Silla Zuhe Espaldar Blanco.jpg
Q1 Media,Sillas,Sillas Ergonómicas,,Sillas/Sillas Ergonómicas/Q1 Media.jpg
Cenital Zuhé,Sillas,Sillas Ergonómicas,,Sillas/Sillas Ergonómicas/Cenital Zuhé.jpg
Q1 contextualizada vertical,Sillas,Sillas Ergonómicas,,Sillas/Sillas Ergonómicas/Q1 contextualizada vertical.jpg
Wiwa Tapizada - DF,Sillas,Sillas Ergonómicas,,Sillas/Sillas Ergonómicas/Wiwa Tapizada - DF.jpg
Q1 Oficina Abierta 2 corregida,Sillas,Sillas Ergonómicas,,Sillas/Sillas Ergonómicas/Q1 Oficina Abierta 2 corregida.jpg
Principal,Sillas,Sillas Ergonómicas,,Sillas/Sillas Ergonómicas/Principal.jpg
Ofipartes Silla Zuhe Oficina Privada,Sillas,Sillas Ergonómicas,,Sillas/Sillas Ergonómicas/Ofipartes Silla Zuhe Oficina Privada.jpg
Portada Brochure,Sillas,Sillas Ergonómicas,,Sillas/Sillas Ergonómicas/Portada Brochure.jpg
Ofipartes Silla Q1 Blanca Oficina abierta espaldar,Sillas,Sillas Ergonómicas,,Sillas/Sillas Ergonómicas/Ofipartes Silla Q1 Blanca Oficina abierta espaldar.jpg
Oficina abierta 1,Sillas,Sillas Ergonómicas,,Sillas/Sillas Ergonómicas/Oficina abierta 1.jpg
Ofipartes Zuh‚ Tapizada - Oficina Abierta,Sillas,Sillas Ergonómicas,,Sillas/Sillas Ergonómicas/Ofipartes Zuh‚ Tapizada - Oficina Abierta.jpg
Q1 Ride,Sillas,Sillas Ergonómicas,,Sillas/Sillas Ergonómicas/Q1 Ride.jpg
Ofipartes - Wiwa - Oficina Abierta,Sillas,Sillas Ergonómicas,,Sillas/Sillas Ergonómicas/Ofipartes - Wiwa - Oficina Abierta.jpg
Ofipartes Silla Zuh‚ - Blanca en estudio,Sillas,Sillas Ergonómicas,,Sillas/Sillas Ergonómicas/Ofipartes Silla Zuh‚ - Blanca en estudio.jpg
SL3,Sillas,Sillas Ergonómicas,,Sillas/Sillas Ergonómicas/SL3.jpg
Zuhé-Gris-Vertical,Sillas,Sillas Ergonómicas,,Sillas/Sillas Ergonómicas/Zuhé-Gris-Vertical.jpg
Zuhé-gris-versiones,Sillas,Sillas Ergonómicas,,Sillas/Sillas Ergonómicas/Zuhé-gris-versiones.jpg
Detalle-Zuhé-Gris,Sillas,Sillas Ergonómicas,,Sillas/Sillas Ergonómicas/Detalle-Zuhé-Gris.jpg
Q1 Media Oficina Privada,Sillas,Sillas Ergonómicas,,Sillas/Sillas Ergonómicas/Q1 Media Oficina Privada.jpg
Ofipartes Zuh‚ - Espaldar Tapizado - T,Sillas,Sillas Ergonómicas,,Sillas/Sillas Ergonómicas/Ofipartes Zuh‚ - Espaldar Tapizado - T.jpg
Q1 Media Base Alpha Lateral,Sillas,Sillas Ergonómicas,,Sillas/Sillas Ergonómicas/Q1 Media Base Alpha Lateral.jpg
Ofipartes Zuhé - Sala de juntas,Sillas,Sillas Ergonómicas,,Sillas/Sillas Ergonómicas/Ofipartes Zuhé - Sala de juntas.jpg
Oficina abierta 2,Sillas,Sillas Ergonómicas,,Sillas/Sillas Ergonómicas/Oficina abierta 2.jpg
Ofipartes Silla Q1 Blanca estudio,Sillas,Sillas Ergonómicas,,Sillas/Sillas Ergonómicas/Ofipartes Silla Q1 Blanca estudio.jpg
Q1 Media Entrega inmediata,Sillas,Sillas Ergonómicas,,Sillas/Sillas Ergonómicas/Q1 Media Entrega inmediata.jpg
Ofipartes Silla Q1 Base Dubai,Sillas,Sillas Ergonómicas,,Sillas/Sillas Ergonómicas/Ofipartes Silla Q1 Base Dubai.jpg
Ofipartes - Wiwa Tapizada - Detalles Espaldar,Sillas,Sillas Ergonómicas,,Sillas/Sillas Ergonómicas/Ofipartes - Wiwa Tapizada - Detalles Espaldar.jpg
Q1Media_OficinaPrivada,Sillas,Sillas Ergonómicas,,Sillas/Sillas Ergonómicas/Q1Media_OficinaPrivada.jpg
Wiwa Tapizada - Oficina Abierta 3,Sillas,Sillas Ergonómicas,,Sillas/Sillas Ergonómicas/Wiwa Tapizada - Oficina Abierta 3.jpg
Ofipartes Silla Zuh‚ - Negra en estudio,Sillas,Sillas Ergonómicas,,Sillas/Sillas Ergonómicas/Ofipartes Silla Zuh‚ - Negra en estudio.jpg
Wiwa Tapizada - F,Sillas,Sillas Ergonómicas,,Sillas/Sillas Ergonómicas/Wiwa Tapizada - F.jpg
Ofipartes Zuh‚ Tapizada - Blanca Oficina,Sillas,Sillas Ergonómicas,,Sillas/Sillas Ergonómicas/Ofipartes Zuh‚ Tapizada - Blanca Oficina.jpg
SL2,Sillas,Sillas Ergonómicas,,Sillas/Sillas Ergonómicas/SL2.jpg
Zuhé-Irlanda-Ambiente,Sillas,Sillas Ergonómicas,,Sillas/Sillas Ergonómicas/Zuhé-Irlanda-Ambiente.jpg
Ofipartes Silla Q1 Blanca Oficina abierta,Sillas,Sillas Ergonómicas,,Sillas/Sillas Ergonómicas/Ofipartes Silla Q1 Blanca Oficina abierta.jpg
Zuhé Tapizada Detalle,Sillas,Sillas Ergonómicas,,Sillas/Sillas Ergonómicas/Zuhé Tapizada Detalle.jpg
Ofipartes - Wiwa Tapizada - Portada,Sillas,Sillas Ergonómicas,,Sillas/Sillas Ergonómicas/Ofipartes - Wiwa Tapizada - Portada.jpg
Nueva portada,Sillas,Sillas Ergonómicas,,Sillas/Sillas Ergonómicas/Nueva portada.jpg
Detalle Espaldar Q1,Sillas,Sillas Ergonómicas,,Sillas/Sillas Ergonómicas/Detalle Espaldar Q1.jpg
Ofipartes Zuh‚ Tapizada - Portada Brochure,Sillas,Sillas Ergonómicas,,Sillas/Sillas Ergonómicas/Ofipartes Zuh‚ Tapizada - Portada Brochure.jpg
